name,region,population,lat,lon
aalborg,denmark,150000,57.0466,9.9215
aarhus,denmark,300000,56.1500,10.2134
abakan,russia,160000,53.7200,91.4413
abeche,chad,90000,13.8281,20.8284
aberdeen,scotland,250000,57.1486,-2.0956
abidjan,ivory coast,3000000,5.3204,-4.0161
abilene,united states,100000,32.4462,-99.7480
abuja,nigeria,4000000,9.0644,7.4893
acapulco,mexico,800000,16.8678,-99.8932
accra,ghana,5000000,5.55764,-0.20205
adamstown,pitcairn islands,50,-25.06667,-130.10021
adana,turkey,2000000,36.9865,35.3253
adelaide,australia,1000000,-34.9248,138.5912
aden,yemen,1000000,12.7915,45.0168
agadez,niger,110000,16.9726,7.9907
agartala,india,500000,23.83097,91.28214
agra,india,2000000,27.1757,78.0088
agrigento,italy,60000,37.31219,13.57438
aguadilla,puerto rico,60000,18.43051,-67.15376
ahmedabad,india,8000000,23.0216,72.5801
ahvaz,iran,1200000,31.3221,48.6736
ajaccio,france,75000,41.92623,8.73739
akron,united states,500000,41.0834,-81.5179
aksu,east turkestan,700000,41.1684,80.2582
aktau,kazakhstan,300000,43.6343,51.1681
aktobe,kazakhstan,600000,50.2880,57.2141
akureyri,iceland,20000,65.68278,-18.09139
alamogordo,united states,30000,32.89966,-105.96030
albacete,spain,170000,38.9970,-1.8587
albury,australia,100000,-36.08049,146.91622
aldama,mexico,10000,22.91946,-98.07435
aleppo,syria,2000000,36.1994,37.1637
alesund,norway,70000,62.47099,6.15509
alexandria,egypt,5000000,31.1993,29.8952
algiers,algeria,4000000,36.7731,3.0588
alicante,spain,800000,38.3489,-0.4896
allentown,united states,600000,40.60203,-75.47161
almaty,kazakhstan,2000000,43.2186,76.9525
almeria,spain,200000,36.8417,-2.4692
alofi,niue,600,-19.05307,-169.91961
altai,mongolia,15000,46.36476,96.25259
altoona,united states,75000,40.51869,-78.39483
alytus,lithuania,50000,54.39650,24.04409
amarillo,texas,200000,35.20699,-101.83657
ambon,indonesia,350000,-3.69665,128.17904
ames,united states,60000,42.02663,-93.61699
amman,jordan,4000000,31.9519,35.9171
amritsar,india,1400000,31.6356,74.8574
amsterdam,netherlands,1500000,52.3705,4.8948
anadyr,russia,15000,64.73168,177.50585
anchorage,united states,400000,61.2159,-149.8947
ancona,italy,100000,43.61697,13.51687
ancud,chile,40000,-41.86822,-73.82847
anderson,united states,100000,34.50673,-82.65066
andijan,uzbekistan,750000,40.7665,72.3522
ankara,turkey,6000000,39.926,32.791
annaba,algeria,1000000,36.89946,7.74914
anniston,united states,80000,33.65360,-85.82588
anshan,china,1500000,41.1078,122.9902
antananarivo,madagascar,2000000,-18.9100,47.5210
antioch,united states,300000,38.0047,-121.8058
antofagasta,chile,300000,-23.638,-70.381
antsirabe,madagascar,250000,-19.8709,47.0314
antwerp,belgium,1200000,51.2217,4.3987
anyang,china,1200000,36.1021,114.3340
apia,samoa,35000,-13.8339,-171.7657
appleton,united states,250000,44.2611,-88.4073
aqaba,jordan,170000,29.52675,35.00733
aracaju,brazil,700000,-10.9171,-37.0775
araguaina,brazil,150000,-7.19347,-48.20148
araracuara,colombia,100,-0.61507,-72.38226
arawa,bougainville,40000,-6.2240,155.5664
arbroath,scotland,25000,56.55906,-2.58316
arecibo,puerto rico,90000,18.4726,-66.7176
arequipa,peru,1000000,-16.39768,-71.53687
arima,trinidad and tobago,70000,10.63838,-61.28268
arkhangelsk,russia,300000,64.5422,40.5354
armagh,northern ireland,15000,54.3491,-6.6543
armidale,australia,25000,-30.51473,151.66592
arusha,tanzania,600000,-3.3686,36.6871
ashdod,israel,200000,31.79717,34.65019
asheville,united states,300000,35.59538,-82.55058
ashgabat,turkmenistan,1000000,37.9445,58.3841
asmara,eritrea,1000000,15.3420,38.9331
astana,kazakhstan,1400000,51.1358,71.4317
astrakhan,russia,500000,46.3492,48.0319
asuncion,paraguay,2000000,-25.2784,-57.6339
aswan,egypt,400000,24.09074,32.89753
asyut,egypt,500000,27.18391,31.18555
atafu,tokelau,500,-8.53827,-172.51780
athens,greece,4000000,37.9780,23.7332
atibaia,brazil,150000,-23.1187,-46.5553
atlanta,united states,5000000,33.7516,-84.3918
atyrau,kazakhstan,350000,47.10653,51.91401
auburn,united states,100000,32.60956,-85.48084
auckland,new zealand,1500000,-36.8464,174.7630
augusta,united states,400000,33.47076,-81.97466
auki,solomon islands,8000,-8.77028,160.69891
aurangabad,india,1200000,24.75420,84.37431
austin,united states,1800000,30.27085,-97.74364
avarua,cook islands,5000,-21.2067,-159.7704
aveiro,portugal,140000,40.64164,-8.65414
aviemore,scotland,3000,57.19374,-3.82882
ayacucho,peru,200000,-13.1579,-74.2253
aydin,turkey,1200000,37.8502,27.8428
azua,dominican republic,100000,18.45384,-70.73273
baalbek,lebanon,150000,34.00995,36.21145
bacabal,brazil,100000,-4.23181,-44.78113
bacolod,philippines,600000,10.6776,122.9511
badajoz,spain,150000,38.87884,-6.97057
baghdad,iraq,6000000,33.3067,44.3855
baguio,philippines,400000,16.41225,120.59332
baidoa,somalia,1200000,3.12106,43.64422
baikonur,kazakhstan,40000,45.63211,63.32056
bairnsdale,australia,15000,-37.82575,147.63016
bakersfield,united states,600000,35.37372,-119.01970
baku,azerbaijan,1000000,40.3806,49.8326
balakovo,russia,200000,52.01791,47.81919
balikpapan,indonesia,750000,-1.23990,116.85883
balkh,afghanistan,130000,36.75802,66.89790
ballymena,northern ireland,30000,54.86638,-6.27577
balti,moldova,130000,47.76293,27.92862
balykchy,kyrgyzstan,50000,42.45747,76.19602
bamako,mali,4000000,12.6499,-8.0001
bandung,indonesia,8000000,-6.92123,107.61057
banff,canada,8000,51.17496,-115.57188
bangkok,thailand,17000000,13.7574,100.4892
banjul,gambia,400000,13.45562,-16.57571
baoding,china,2000000,38.869,115.480
baoji,china,1100000,34.358,107.235
baoshan,china,2000000,25.11459,99.15951
baotou,china,2000000,40.633,109.935
barahona,dominican republic,80000,18.2129,-71.1021
barcelona,spain,5000000,41.3839,2.1763
bareilly,india,1300000,28.3582,79.4174
bari,italy,700000,41.1266,16.8623
barnaul,russia,600000,53.3479,83.7804
barquisimeto,venezuela,1200000,10.0786,-69.3220
barrouallie,saint vincent and the grenadines,6000,13.23756,-61.27230
basel,switzerland,180000,47.55852,7.58743
basra,iraq,1300000,30.4975,47.8077
basseterre,saint kitts and nevis,16000,17.29619,-62.72241
bata,equatorial guinea,500000,1.86962,9.77200
bath,england,100000,51.38094,-2.35983
batna,algeria,300000,35.5560,6.1736
battambang,cambodia,100000,13.1109,103.2014
batumi,georgia,300000,41.6525,41.6358
baucau,east timor,20000,-8.4612,126.4588
bayda,libya,200000,32.7633,21.7584
beaumont,united states,150000,30.0847,-94.1027
bechar,algeria,160000,31.6239,-2.2165
beckley,united states,20000,37.77801,-81.18845
beersheba,israel,200000,31.24664,34.79233
bega,australia,4500,-36.67809,149.84098
beijing,china,18000000,39.913,116.386
beirut,lebanon,2500000,33.8975,35.4803
beitun,east kurdistan,20000,47.3606,87.8020
bejaia,algeria,200000,36.75216,5.06350
belem,brazil,2500000,-1.4518,-48.4682
belfast,northern ireland,700000,54.5978,-5.9295
belgrade,serbia,1700000,44.8167,20.4586
bellingham,united states,150000,48.7540,-122.4790
belmopan,belize,20000,17.25021,-88.76987
bender,transnistria,100000,46.8223,29.4822
benghazi,libya,1500000,32.1172,20.0720
berberati,central african republic,70000,4.25982,15.78791
bereket,turkmenistan,25000,39.24498,55.52138
bergen,norway,300000,60.39414,5.32562
berlin,germany,3000000,52.5114,13.3992
bern,switzerland,600000,46.94891,7.45182
bharatpur,nepal,400000,27.68132,84.43130
bhopal,india,2500000,23.2593,77.4042
bialystok,poland,400000,53.1320,23.1599
bielefeld,germany,500000,52.0184,8.5299
bilbao,spain,1000000,43.26289,-2.93438
billings,united states,130000,45.7868,-108.4965
biloxi,united states,200000,30.40075,-88.88935
bima,indonesia,160000,-8.45348,118.72762
bimbo,central african republic,100000,4.3233,18.5257
binghamton,united states,150000,42.09864,-75.91218
biratnagar,nepal,250000,26.46251,87.28191
birdsville,australia,100,-25.89811,139.35222
birgunj,nepal,300000,27.0129,84.8769
birmingham,england,2000000,52.4805,-1.9013
birobidzhan,russia,100000,48.78815,132.92822
bishkek,kyrgyzstan,1100000,42.8789,74.6064
biskra,algeria,300000,34.8523,5.7290
bismarck,united states,100000,46.80834,-100.78377
bissau,guinea-bissau,400000,11.86206,-15.58308
bitola,north macedonia,70000,41.03217,21.32996
biysk,russia,200000,52.5387,85.2144
blacksburg,united states,70000,37.22944,-80.41443
blagoevgrad,bulgaria,70000,42.01088,23.09052
blantyre,malawi,800000,-15.7861,35.0031
blenheim,new zealand,30000,-41.51214,173.95434
bloemfontein,south africa,800000,-29.1153,26.2161
bloomington,united states,150000,40.47992,-88.99406
bluefields,nicaragua,60000,12.01271,-83.76474
bodo,norway,40000,67.2839,14.3818
bogota,colombia,10000000,4.6592,-74.0822
boise,united states,250000,43.61663,-116.20050
bokhtar,tajikistan,200000,37.83619,68.78205
bologna,italy,800000,44.4942,11.3434
bolzano,italy,250000,46.49833,11.35420
bonao,dominican republic,70000,18.9443,-70.4114
bordeaux,france,1200000,44.84133,-0.58004
bosaso,somalia,200000,11.27846,49.17970
boston,united states,4000000,42.3574,-71.0609
bouake,ivory coast,500000,7.6914,-5.0307
boulder,united states,120000,40.01490,-105.27082
bourke,australia,2000,-30.09171,145.94307
bowmore,scotland,700,55.75686,-6.28839
bowral,australia,10000,-34.48176,150.41794
bozeman,united states,50000,45.67914,-111.04380
brades,montserrat,1000,16.78922,-62.20880
braga,portugal,250000,41.5510,-8.4272
brasilia,brazil,2000000,-15.7921,-47.8812
bratislava,slovakia,750000,48.1535,17.1071
brazzaville,republic of the congo,2500000,-4.2682,15.2703
bredasdorp,south africa,15000,-34.53306,20.04288
bremen,germany,2500000,53.0804,8.8055
brescia,italy,900000,45.5409,10.2197
bridgetown,barbados,100000,13.09785,-59.61838
brighton,england,500000,50.82142,-0.14033
brindisi,italy,100000,40.63737,17.94548
brisbane,australia,2000000,-27.46845,153.02393
brno,czech republic,400000,49.1933,16.6110
broome,australia,15000,-17.9568,122.2240
brownsville,united states,200000,25.9040,-97.4975
bruges,belgium,100000,51.2104,3.2255
brunswick,united states,70000,31.14991,-81.49178
brussels,belgium,1700000,50.8488,4.3506
bryansk,russia,400000,53.24236,34.36644
bucaramanga,colombia,500000,7.1273,-73.1188
bucharest,romania,2500000,44.4378,26.1018
budapest,hungary,2000000,47.4975,19.0400
buffalo,united states,1000000,42.88647,-78.87823
bujumbura,burundi,1000000,-3.3604,29.3689
bukavu,dr congo,1000000,-2.50469,28.86005
bukhara,uzbekistan,300000,39.7702,64.4225
bulawayo,zimbabwe,1200000,-20.1544,28.5895
bunbury,australia,80000,-33.3268,115.6373
bundaberg,australia,75000,-24.86565,152.35136
burgos,spain,200000,42.3450,-3.6966
burketown,australia,200,-17.74012,139.54649
burlington,united states,100000,44.47587,-73.21323
burns,united states,3000,43.5857,-119.0547
bursa,turkey,2000000,40.1854,29.0671
busan,south korea,4000000,35.1867,129.0742
butare,rwanda,60000,-2.6030,29.7407
butte,united states,30000,46.01303,-112.53648
buzau,romania,100000,45.1485,26.8303
bydgoszcz,poland,800000,53.1232,17.9997
cabinda,angola,500000,-5.5547,12.1917
cacoal,brazil,80000,-11.43367,-61.44207
cadereyta,mexico,50000,25.58793,-100.00091
cadiz,spain,400000,36.53026,-6.29276
cagliari,italy,450000,39.21716,9.11402
caguas,puerto rico,130000,18.23510,-66.03556
cairo,egypt,20000000,30.04510,31.23465
cajamarca,peru,200000,-7.15531,-78.51791
calais,france,150000,50.95210,1.85411
calbayog,philippines,200000,12.06725,124.59462
calgary,canada,1500000,51.0477,-114.0601
cali,colombia,2000000,3.4547,-76.5328
camaguey,cuba,300000,21.3831,-77.9192
cambridge,england,130000,52.20542,0.11905
camiri,bolivia,35000,-20.03912,-63.52046
camooweal,australia,200,-19.92173,138.12003
campeche,mexico,200000,19.83801,-90.51996
canberra,australia,400000,-35.2947,149.1010
cancun,mexico,1000000,21.1522,-86.8421
canoas,brazil,350000,-29.92184,-51.17964
canterbury,england,50000,51.27993,1.08044
caracas,venezuela,5000000,10.5079,-66.9157
cardiff,wales,500000,51.4833,-3.1819
carhue,argentina,20000,-37.17967,-62.75871
caribou,united states,7000,46.86051,-68.01164
carlisle,england,110000,54.89453,-2.93575
carnarvon,australia,5000,-24.88264,113.65764
cartagena,colombia,1000000,10.4286,-75.5444
casablanca,morocco,3000000,33.5982,-7.6197
casper,united states,70000,42.84998,-106.32534
castries,saint lucia,20000,14.01045,-60.99009
catania,italy,650000,37.5033,15.0856
catriel,argentina,20000,-37.87929,-67.79174
cayenne,french guiana,150000,4.93717,-52.32599
cebu,philippines,3000000,10.2968,123.9014
ceduna,australia,2000,-32.12645,133.67417
cefalu,italy,15000,38.03486,14.02435
celje,slovenia,40000,46.2313,15.2614
chaguanas,trinidad and tobago,100000,10.51537,-61.40782
champaign,united states,150000,40.11635,-88.24305
changuinola,panama,30000,9.45338,-82.51814
chaozhou,china,1300000,23.6653,116.6185
chapeco,brazil,250000,-27.09233,-52.61670
charleroi,belgium,300000,50.4132,4.4440
chattanooga,united states,400000,35.04553,-85.30935
cheboksary,russia,500000,56.13077,47.24499
chelyabinsk,russia,1200000,55.1622,61.4033
chennai,india,10000000,13.0860,80.2692
chernihiv,ukraine,300000,51.4998,31.2891
chetumal,mexico,170000,18.50822,-88.29712
cheyenne,united states,80000,41.13956,-104.82004
chicago,united states,8000000,41.8785,-87.6263
chifeng,china,1100000,42.2910,118.9339
chihuahua,mexico,1000000,28.6365,-106.0764
chillan,chile,150000,-36.60692,-72.10293
chimoio,mozambique,250000,-19.14265,33.47723
chinandega,nicaragua,150000,12.6321,-87.1284
chipata,zambia,300000,-13.6368,32.6452
chisinau,moldova,700000,47.0251,28.8322
chittagong,bangladesh,3000000,22.3347,91.8344
chlef,algeria,200000,36.1783,1.3321
choibalsan,mongolia,50000,48.0686,114.5235
chokurdakh,russia,2000,70.61887,147.90087
chongqing,china,12000000,29.5705,106.5468
christchurch,new zealand,400000,-43.5295,172.6347
chumphon,thailand,30000,10.49583,99.17805
chur,switzerland,40000,46.85579,9.52635
cincinatti,united states,1700000,39.10133,-84.51250
clarksville,united states,200000,36.5277,-87.3588
cleveland,united states,1700000,41.49939,-81.69399
cloncurry,australia,3000,-20.70524,140.50595
cluj,romania,400000,46.7713,23.5897
coban,guatemala,500000,15.4782,-90.3763
cobija,bolivia,80000,-11.01884,-68.75390
cobo,guernsey,100,49.47886,-2.58934
cochabamba,bolivia,900000,-17.3921,-66.1566
coimbra,portugal,260000,40.2131,-8.4286
colac,australia,12000,-38.34024,143.58564
colchester,england,200000,51.88960,0.89942
coleraine,northern ireland,25000,55.13194,-6.67162
colombo,sri lanka,5000000,6.94031,79.85430
columbus,united states,1500000,39.96206,-83.00102
comayagua,honduras,120000,14.4580,-87.6379
conakry,guinea,1000000,9.51802,-13.69978
concepcion,chile,700000,-36.8254,-73.0508
constanta,romania,500000,44.1786,28.6499
contagem,brazil,700000,-19.91389,-44.08419
conway,united states,65000,35.08898,-92.43999
cooktown,australia,3000,-15.47283,145.25316
cooma,australia,7000,-36.23579,149.12644
copenhagen,denmark,1400000,55.6894,12.5690
copiapo,chile,150000,-27.3667,-70.3341
cordoba,argentina,1000000,-31.4147,-64.1842
cork,ireland,200000,51.8986,-8.4663
coro,venezuela,200000,11.4072,-69.6674
corumba,brazil,100000,-19.0019,-57.6538
corvallis,united states,65000,44.56436,-123.26180
cosenza,italy,200000,39.30980,16.25015
cotonou,benin,2000000,6.36913,2.42540
coventry,england,400000,52.40823,-1.51045
cowra,australia,10000,-33.83517,148.69257
coyhaique,chile,50000,-45.5716,-72.0693
craiova,romania,400000,44.31973,23.79639
crawley,england,120000,51.11007,-0.17990
criciuma,brazil,250000,-28.67937,-49.36998
cucuta,colombia,700000,7.89798,-72.50822
cuenca,ecuador,300000,-2.897322,-79.004190
cuiaba,brazil,1000000,-15.5991,-56.0979
culiacan,mexico,1000000,24.7964,-107.3941
cumana,venezuela,400000,10.44992,-64.15792
cunnamulla,australia,1200,-28.07073,145.68377
curepipe,mauritius,80000,-20.3139,57.5210
curitiba,brazil,2000000,-25.4276,-49.2723
cusco,peru,400000,-13.51665,-71.97877
cwmbran,wales,50000,51.65379,-3.02098
daegu,south korea,5000000,35.8796,128.5991
daejeon,south korea,1500000,36.3518,127.3844
dakar,senegal,4000000,14.69428,-17.44783
dakhla,western sahara,100000,23.69507,-15.94477
dalanzadgad,mongolia,20000,43.57184,104.42574
dalian,china,5000000,38.9207,121.6283
dallas,united states,6000000,32.7812,-96.7971
daloa,ivory coast,320000,6.8772,-6.4524
dalton,united states,70000,34.76904,-84.97032
damascus,syria,2500000,33.5165,36.3091
dammam,saudi arabia,1400000,26.4414,50.1018
danbury,united states,200000,41.3947,-73.4529
dangriga,belize,9000,16.96695,-88.22476
danli,honduras,80000,14.03326,-86.56849
dannevirke,new zealand,5000,-40.20748,176.09822
daphne,united states,80000,30.60312,-87.90350
daqing,china,1500000,46.6018,125.1013
daraa,syria,100000,32.62340,36.11034
darkhan,mongolia,90000,49.4932,105.9357
darlington,england,100000,54.52412,-1.55560
darwin,australia,100000,-12.4582,130.8417
dasoguz,turkmenistan,200000,41.8373,59.9593
datong,china,2000000,40.0965,113.2965
daugavpils,latvia,100000,55.8721,26.5155
davao,philippines,3000000,7.0692,125.6060
davenport,united states,300000,41.5244,-90.5764
david,panama,200000,8.43769,-82.42845
dayton,united states,700000,39.75890,-84.19184
dazhou,china,1100000,31.2125,107.4614
debrecen,hungary,200000,47.5322,21.6269
decatur,united states,100000,39.84548,-88.95226
dededo,guam,140000,13.516862,144.839147
dekalb,united states,60000,41.92955,-88.74996
delhi,india,32000000,28.6157,77.2095
delingha,china,80000,37.36968,97.36032
deltona,united states,200000,28.90473,-81.22759
deniliquin,australia,6000,-35.53024,144.95945
denmark,australia,2500,-34.96042,117.35501
denpasar,indonesia,2300000,-8.6513,115.2212
denver,united states,2500000,39.73934,-104.98484
derby,england,260000,52.9210,-1.4759
derry,northern ireland,100000,55.0003,-7.3244
detroit,united states,3000000,42.3333,-83.0467
devonport,australia,25000,-41.17998,146.36124
dhaka,bangladesh,18000000,23.7668,90.3900
dhamar,yemen,150000,14.5470,44.3999
dhanbad,india,1200000,23.7982,86.4308
dijon,france,150000,47.32143,5.04169
dili,east timor,200000,-8.5534,125.5782
divinopolis,brazil,250000,-20.16015,-44.87366
diyarbakir,turkey,2000000,37.91637,40.23623
djanet,algeria,15000,24.55364,9.48403
djelfa,algeria,500000,34.6775,3.2526
djibouti,djibouti,800000,11.59347,43.14280
dnipro,ukraine,1100000,48.4734,35.0368
dodoma,tanzania,800000,-6.17802,35.74625
dogana,san marino,7000,43.98124,12.48854
doha,qatar,2000000,25.2888,51.5218
dolisie,republic of the congo,120000,-4.1990,12.6789
doncaster,england,200000,53.52271,-1.13314
donetsk,donbas,1500000,48.0165,37.7998
dongguan,china,10000000,23.0238,113.7456
dornoch,scotland,1400,57.8792,-4.0285
dortmund,germany,5000000,51.5150,7.4638
dothan,united states,70000,31.2226,-85.3936
douala,cameroon,1000000,4.0449,9.7057
douglas,isle of man,25000,54.14989,-4.47796
dourados,brazil,200000,-22.22102,-54.81268
dover,england,30000,51.12510,1.31338
drogheda,ireland,50000,53.71517,-6.35242
dryden,canada,8000,49.78531,-92.83602
dubai,united arab emirates,5500000,25.2674,55.2914
dubbo,australia,40000,-32.24816,148.60262
dublin,ireland,1200000,53.3509,-6.2605
dubrovnik,croatia,40000,42.6505,18.0935
dubuque,united states,70000,42.50039,-90.66416
duluth,united states,100000,46.7727,-92.1255
dumfries,scotland,35000,55.06957,-3.61124
dundee,scotland,300000,56.4627,-2.9711
dunedin,new zealand,100000,-45.8711,170.5030
dunfermline,scotland,75000,56.07218,-3.46207
dunhuang,china,200000,40.14112,94.66069
durango,mexico,600000,24.02161,-104.65473
durban,south africa,4000000,-29.8576,31.0089
durness,scotland,300,58.56849,-4.74699
durres,albania,200000,41.31385,19.44666
dushanbe,tajikistan,3000000,38.5776,68.7864
dusseldorf,germany,1000000,51.2247,6.7758
dzerzhinsk,russia,250000,56.23825,43.46174
echuca,australia,20000,-36.12827,144.75191
edinburgh,scotland,1000000,55.9547,-3.1891
edmonton,canada,1400000,53.5483,-113.4929
edwardsville,united states,25000,38.81075,-89.95382
egilsstadir,iceland,2500,65.26200,-14.40359
eindhoven,netherlands,400000,51.43983,5.47857
elbasan,albania,150000,41.11127,20.07983
eldoret,kenya,500000,0.5217,35.2709
elgin,scotland,25000,57.64940,-3.31512
elista,russia,100000,46.30680,44.26992
elkhart,united states,150000,41.68208,-85.97677
elko,united states,20000,40.83297,-115.76328
elliott,australia,300,-17.55577,133.54345
elorza,venezuela,30000,7.05958,-69.49883
emerald,australia,15000,-23.52634,148.16171
encamp,andorra,8000,42.53683,1.58306
ende,indonesia,90000,-8.84415,121.64792
engels,russia,200000,51.5009,46.1230
enid,united states,50000,36.3963,-97.8789
enna,italy,30000,37.56645,14.28068
enniskillen,northern ireland,15000,54.34520,-7.63893
ensenada,mexico,300000,31.86597,-116.60339
enugu,nigeria,2500000,6.45101,7.49989
erbil,kurdistan,1500000,36.1919,44.0092
erdenet,mongolia,100000,49.0295,104.0460
erfurt,germany,500000,50.9773,11.0282
erie,united states,200000,42.12923,-80.08484
esbjerg,denmark,70000,55.4689,8.4492
esmeraldas,ecuador,150000,0.96632,-79.65242
esperance,australia,10000,-33.85834,121.89322
esquel,argentina,30000,-42.91740,-71.32187
esteli,nicaragua,110000,13.0964,-86.3560
eucla,australia,50,-31.67684,128.88649
eugene,united states,200000,44.05049,-123.09503
eunapolis,brazil,100000,-16.37684,-39.58649
eureka,united states,50000,40.79022,-124.16782
evansville,united states,200000,37.97025,-87.57133
evensk,russia,1500,61.91918,159.23593
exeter,england,130000,50.72554,-3.52661
exmouth,australia,3000,-21.93258,114.12580
fairbanks,united states,100000,64.8370,-147.7194
faisalabad,pakistan,3000000,31.4238,73.0917
faiyum,egypt,500000,29.3145,30.8386
fajardo,puerto rico,70000,18.32426,-65.65327
falkirk,scotland,100000,55.99977,-3.78479
famagusta,northern cyprus,40000,35.12124,33.93814
fargo,united states,200000,46.8770,-96.7899
farmington,united states,50000,36.7286,-108.2061
faro,portugal,100000,37.0180,-7.9352
fayetteville,united states,400000,36.0623,-94.1573
fergana,uzbekistan,300000,40.3789,71.7908
fianarantsoa,madagascar,190000,-21.45596,47.08500
fier,albania,120000,40.72552,19.55815
filadelfia,paraguay,20000,-22.35270,-60.03531
fira,greece,1500,36.41472,25.43283
fishguard,wales,3000,51.99373,-4.97706
flagstaff,united states,80000,35.19857,-111.65182
flint,united states,300000,43.01601,-83.68973
flores,guatemala,40000,16.93095,-89.89151
foggia,italy,150000,41.46170,15.54308
fortaleza,brazil,3000000,-3.7284,-38.5225
frankfurt,germany,2000000,50.1132,8.6823
frederiksted,us virgin islands,1000,17.71208,-64.88139
freetown,sierra leone,1500000,8.4814,-13.2687
fresno,united states,700000,36.73909,-119.78479
fukuoka,japan,5000000,33.5937,130.3995
funafuti,tuvalu,6000,-8.51919,179.19826
funchal,portugal,200000,32.6553,-16.9100
fushun,china,1200000,41.87039,123.92372
fuyang,china,1200000,32.89350,115.80877
fuzhou,china,4000000,26.0788,119.2916
gabes,tunisia,200000,33.8897,10.0988
gaborone,botswana,200000,-24.6575,25.9085
gabu,guinea-bissau,40000,12.2835,-14.2270
gadsden,united states,60000,34.0124,-86.0027
gainesville,united states,200000,29.6518,-82.3250
gairloch,scotland,600,57.72797,-5.69053
galati,romania,250000,45.4328,28.0546
galela,indonesia,10000,1.82403,127.84297
galle,sri lanka,100000,6.03340,80.21487
galveston,united states,200000,29.3054,-94.7935
galway,ireland,90000,53.27471,-9.04947
gander,canada,10000,48.9587,-54.6192
ganja,azerbaijan,300000,40.6808,46.3599
ganta,liberia,40000,7.23378,-8.98613
ganzhou,china,2000000,25.83381,114.92849
garoua,cameroon,1000000,9.3083,13.3944
gastonia,united states,200000,35.2623,-81.1835
gaziantep,turkey,2000000,37.0659,37.3782
gbarnga,liberia,50000,6.9978,-9.4706
gdansk,poland,1000000,54.3496,18.6555
geelong,australia,300000,-38.14934,144.35966
geneva,switzerland,1000000,46.20196,6.14659
genoa,italy,700000,44.4082,8.9343
georgetown,guyana,120000,6.81416,-58.16257
geraldton,australia,40000,-28.77029,114.61401
gerze,tibet,1000,32.30476,84.05880
ghanzi,botswana,20000,-21.69691,21.64598
ghardaia,algeria,200000,32.48627,3.67699
ghazni,afghanistan,200000,33.54547,68.41307
ghent,belgium,400000,51.05405,3.72497
gibraltar,gibraltar,30000,36.14094,-5.35408
gillette,united states,30000,44.2906,-105.5014
gilroy,united states,100000,37.00632,-121.56303
girona,spain,180000,41.97977,2.81997
gisborne,new zealand,40000,-38.66142,178.02049
gisenyi,rwanda,250000,-1.69324,29.25985
gitega,burundi,100000,-3.4279,29.9250
gizo,solomon islands,7000,-8.10516,156.84142
gjilan,kosovo,50000,42.46377,21.46926
gladstone,australia,35000,-23.84326,151.25625
glasgow,scotland,1800000,55.8616,-4.2496
glendive,united states,5000,47.10489,-104.71292
gloucester,england,130000,51.86520,-2.24567
goiania,brazil,3000000,-16.6773,-49.2538
goldsboro,united states,55000,35.38450,-77.99212
gomel,belarus,500000,52.4265,31.0103
gonaives,haiti,100000,19.4477,-72.6883
goolwa,australia,25000,-35.50229,138.78170
goondiwindi,australia,6000,-28.54725,150.30747
gorey,jersey,100,49.19895,-2.03178
gorontalo,indonesia,200000,0.53806,123.05958
gothenburg,sweden,1100000,57.7087,11.9669
goulburn,australia,25000,-34.75258,149.71979
gouyave,grenada,3000,12.16693,-61.72952
grafton,australia,20000,-29.6915,152.9331
grahamstown,south africa,70000,-33.30765,26.52718
granada,spain,500000,37.17434,-3.59957
graz,austria,300000,47.0726,15.4379
greenock,scotland,65000,55.94800,-4.75674
grenville,grenada,2000,12.12371,-61.62266
greymouth,new zealand,8000,-42.44998,171.20789
griffith,australia,20000,-34.28711,146.05508
groningen,netherlands,300000,53.21976,6.56759
grosseto,italy,80000,42.75955,11.11439
grozny,chechnya,300000,43.3191,45.6935
guadalajara,mexico,5000000,20.67286,-103.33895
guangzhou,china,12000000,23.1320,113.2587
guayaquil,ecuador,2000000,-2.1883,-79.8888
guilin,china,1400000,25.2823,110.2883
guiyang,china,4000000,26.65106,106.62437
gujranwala,pakistan,2000000,32.1557,74.1920
gulu,uganda,150000,2.77168,32.30410
gundagai,australia,2000,-35.06149,148.10605
gurupi,brazil,80000,-11.72847,-49.06803
gustavia,saint barthelemy,2000,17.89592,-62.85096
guwahati,india,1300000,26.1847,91.7523
gwalior,india,1000000,26.2075,78.1540
gwangju,south korea,1500000,35.1608,126.8505
gympie,australia,20000,-26.19014,152.66009
gyor,hungary,130000,47.6893,17.6348
gyumri,armenia,100000,40.78542,43.84352
haast,new zealand,100,-43.88066,169.04206
hagatna,guam,1000,13.47504,144.75174
hagerstown,united states,200000,39.64278,-77.71900
haifa,israel,300000,32.81895,34.99781
haikou,china,2500000,20.0498,110.1942
haiphong,vietnam,2500000,20.8659,106.6772
halifax,canada,500000,44.6487,-63.5858
hama,syria,1000000,35.1347,36.7496
hamburg,germany,2000000,53.55097,10.00031
hamhung,north korea,800000,39.9190,127.5368
hamilton,bermuda,1000,32.29449,-64.78533
hammerfest,norway,8000,70.66283,23.68283
handan,china,2000000,36.6150,114.4817
hangzhou,china,13000000,30.2546,120.2035
hanoi,vietnam,8500000,21.0288,105.8546
harare,zimbabwe,2500000,-17.8293,31.0456
harbin,china,6000000,45.7651,126.6243
hargeisa,somaliland,1200000,9.5623,44.0610
harlingen,united states,100000,26.1904,-97.6959
harrisburg,united states,500000,40.26623,-76.88696
hartford,united states,1000000,41.76449,-72.69095
haskovo,bulgaria,180000,41.93443,25.55557
hastings,england,100000,50.85557,0.58228
hatay,turkey,1500000,36.2047,36.1581
hattiesburg,united states,100000,31.3268,-89.2910
havana,cuba,2000000,23.1394,-82.3611
havre,united states,10000,48.55363,-109.67780
hawassa,ethiopia,600000,7.0489,38.4776
hawera,new zealand,10000,-39.58952,174.28385
hays,united states,20000,38.87904,-99.32662
hazleton,united states,50000,40.9546,-75.9770
hebron,palestine,300000,31.52920,35.09437
hefei,china,5000000,31.879,117.279
helena,united states,50000,46.5925,-112.0362
helsinki,finland,600000,60.1686,24.9431
hemet,united states,200000,33.74757,-116.97186
hengyang,china,1200000,26.913,112.560
herat,afghanistan,700000,34.35159,62.21575
hereford,england,50000,52.05518,-2.71500
hermosillo,mexico,1000000,29.09465,-110.96861
heze,china,1300000,35.2497,115.4464
hickory,united states,200000,35.73317,-81.34440
higuey,dominican republic,100000,18.61444,-68.71141
hilo,united states,50000,19.70753,-155.08155
hinesville,united states,50000,31.8474,-81.5951
hiroshima,japan,2000000,34.39253,132.45134
hobart,australia,200000,-42.88169,147.32803
hofn,iceland,2500,64.25308,-15.20808
hohhot,china,2500000,40.8380,111.6705
holguin,cuba,300000,20.88776,-76.25954
holland,united states,100000,42.78750,-86.10895
holyhead,wales,15000,53.31042,-4.63331
homer,united states,5000,59.64420,-151.54043
homs,syria,800000,34.73396,36.71631
honiara,solomon islands,150000,-9.43056,159.95484
honolulu,united states,1000000,21.30465,-157.85585
horsham,australia,20000,-36.71498,142.20180
hotan,east turkestan,400000,37.1128,79.9108
houma,united states,150000,29.59533,-90.71926
houston,united states,6000000,29.75998,-95.36819
huaian,china,2000000,33.6006,119.0204
huambo,angola,600000,-12.77640,15.73448
huancayo,peru,400000,-12.06727,-75.21069
huaraz,peru,120000,-9.52944,-77.52889
huddersfield,england,150000,53.64665,-1.78236
huelva,spain,200000,37.2586,-6.9482
huizhou,china,2000000,23.1137,114.4127
hull,england,500000,53.7433,-0.3392
hulunbuir,china,350000,49.2132,119.7355
huntsville,united states,300000,34.72973,-86.58566
huzhou,china,1100000,30.8993,120.0874
hyderabad,india,9000000,17.3626,78.4740
iasi,romania,500000,47.1628,27.5826
ibadan,nigeria,3000000,7.3800,3.8977
ibague,colombia,600000,4.43909,-75.21086
ibarra,ecuador,160000,0.35195,-78.11983
ibiza,spain,50000,38.90995,1.43037
idlib,syria,100000,35.93055,36.63511
ierapetra,greece,30000,35.00815,25.73904
ilorin,nigeria,1000000,8.4963,4.5487
imphal,india,300000,24.79866,93.93654
inari,finland,500,68.90624,27.02607
indianapolis,united states,1700000,39.76811,-86.15839
indore,india,2500000,22.7201,75.8695
inirida,colombia,30000,3.86485,-67.92606
innamincka,australia,20,-27.74563,140.73748
innisfail,australia,7000,-17.52444,146.03096
innsbruck,austria,100000,47.2656,11.3939
inverness,scotland,65000,57.4795,-4.2222
ioannina,greece,60000,39.6641,20.8534
ipoh,malaysia,1000000,4.5985,101.0907
ipswitch,england,150000,52.0575,1.1525
iqaluit,canada,7500,63.74929,-68.52190
iquitos,peru,500000,-3.7493,-73.2434
irbid,jordan,600000,32.5552,35.8498
irkutsk,russia,600000,52.2902,104.2815
isfahan,iran,2000000,32.6691,51.6653
islamabad,pakistan,4000000,33.6949,73.0646
istanbul,turkey,16000000,41.0076,28.9764
itacoatiara,brazil,100000,-3.14780,-58.44589
itaituba,brazil,100000,-4.26330,-55.98804
itanagar,india,60000,27.0961,93.6214
ithaca,united states,60000,42.4390,-76.4978
ivanhoe,australia,150,-32.89678,144.30061
izhevsk,russia,600000,56.8668,53.2102
izmir,turkey,3500000,38.4243,27.1452
jabalpur,india,1000000,23.17027,79.93206
jacksonville,united states,1200000,30.33192,-81.65571
jacmel,haiti,40000,18.2354,-72.5379
jaipur,india,4000000,26.9150,75.8215
jakarta,indonesia,30000000,-6.17460,106.82693
jalalabad,afghanistan,300000,34.43031,70.46030
jambi,indonesia,600000,-1.63013,103.60811
jamestown,saint helena,1600,-15.92764,-5.71615
janauba,brazil,75000,-15.80951,-43.29935
janesville,united states,70000,42.6715,-88.9906
jaramillo,argentina,400,-47.18404,-67.14475
jayapura,west papua,400000,-2.53933,140.70379
jeddah,saudi arabia,4000000,21.5811,39.1669
jelgava,latvia,50000,56.65153,23.73399
jember,indonesia,400000,-8.16889,113.70189
jenin,palestine,110000,32.4614,35.2984
jeremie,haiti,30000,18.64474,-74.11360
jerusalem,israel,1000000,31.77977,35.22629
jiaxing,china,1200000,30.7507,120.7507
jieyang,china,1200000,23.5558,116.3699
jilin,china,1500000,43.8571,126.5735
jinan,china,6000000,36.6529,117.1139
jindabyne,australia,3000,-36.41726,148.61979
jinhua,china,1000000,29.1120,119.6507
jinja,uganda,300000,0.43541,33.20566
jinzhou,china,1000000,41.1095,121.1195
jiuquan,china,700000,39.73194,98.49363
jodhpur,india,1000000,26.29672,73.03522
joensuu,finland,80000,62.60049,29.76231
johannesburg,south africa,8000000,-26.2050,28.0543
joinville,brazil,700000,-26.30488,-48.84848
jonesboro,united states,75000,35.8248,-90.6963
jonkoping,sweden,110000,57.78243,14.16601
joplin,united states,100000,37.0835,-94.5144
juarez,mexico,2500000,31.73744,-106.48499
juazeiro,brazil,500000,-9.43408,-40.50676
juba,south sudan,500000,4.84584,31.59616
jujuy,argentina,300000,-24.18583,-65.29947
juneau,united states,30000,58.30187,-134.42030
jurmala,latvia,50000,56.9731,23.7881
jutiapa,guatemala,160000,14.29271,-89.89657
jyvaskyla,finland,150000,62.24191,25.74972
kabul,afghanistan,1000000,34.5255,69.1802
kadoma,zimbabwe,120000,-18.3371,29.9141
kaduna,nigeria,1000000,10.51828,7.43620
kaesong,north korea,300000,37.97182,126.55278
kagoshima,japan,1100000,31.59674,130.55775
kahama,tanzania,450000,-3.82872,32.60056
kahului,united states,60000,20.88889,-156.47226
kaifeng,china,1200000,34.7986,114.3484
kaikoura,new zealand,2000,-42.40072,173.68106
kailua,united states,100000,21.39338,-157.74376
kairouan,tunisia,200000,35.6732,10.1006
kalamata,greece,60000,37.03726,22.11059
kalgoorlie,australia,30000,-30.7474,121.4731
kaliningrad,russia,500000,54.71012,20.51027
kalmunai,sri lanka,100000,7.41350,81.82694
kaluga,russia,350000,54.51027,36.26038
kamloops,canada,100000,50.67571,-120.33926
kampala,uganda,7000000,0.3184,32.5813
kananga,dr congo,1500000,-5.8952,22.4090
kandahar,afghanistan,600000,31.6204,65.7175
kangding,china,130000,30.05487,101.96317
kankan,guinea,190000,10.3833,-9.3058
kano,nigeria,10000000,11.99206,8.53088
kanpur,india,3000000,26.4604,80.3238
kanye,botswana,40000,-24.97664,25.33585
kaohsiung,taiwan,2500000,22.6248,120.3127
kaolack,senegal,300000,14.1394,-16.0764
karachi,pakistan,15000000,24.8544,67.0200
karlstad,sweden,100000,59.3810,13.5029
karpathos,greece,3000,35.50654,27.21262
karratha,australia,15000,-20.73705,116.84750
kashgar,east turkestan,1000000,39.4661,75.9917
kasongan,indonesia,20000,-1.91661,113.38049
kassala,sudan,1000000,15.4507,36.3750
kathmandu,nepal,4000000,27.70857,85.32051
katowice,poland,3000000,50.2603,19.0228
kaunas,lithuania,300000,54.8980,23.9059
kavala,greece,60000,40.93666,24.41248
kayseri,turkey,1400000,38.7222,35.4886
kazan,russia,1300000,55.7841,49.1240
kearney,nebraska,30000,40.6990,-99.0826
kecskemet,hungary,100000,46.9077,19.6923
keflavik,iceland,20000,64.0000,-22.5566
kelowna,canada,200000,49.88783,-119.49554
kemerovo,russia,500000,55.3543,86.0861
kempsey,australia,15000,-31.07973,152.84248
kenai,united states,7500,60.55437,-151.25822
kendari,indonesia,400000,-3.99193,122.51799
kenema,sierra leone,250000,7.8863,-11.1865
kennewick,united states,250000,46.20829,-119.11995
kenosha,united states,150000,42.58462,-87.82093
kerch,crimea,160000,45.3530,36.4544
keren,eritrea,150000,15.7809,38.4532
kermanshah,iran,1000000,34.32423,47.07367
ketchikan,united states,10000,55.34294,-131.64677
khabarovsk,russia,600000,48.48160,135.07630
khandyga,russia,6000,62.64783,135.57498
khartoum,sudan,6000000,15.5643,32.5343
khatanga,russia,4000,71.98183,102.47137
kherson,ukraine,300000,46.6412,32.6157
khmelnytskyi,ukraine,300000,49.4200,26.9797
khost,afghanistan,150000,33.33946,69.92051
khovd,mongolia,30000,48.00058,91.64486
khujand,tajikistan,1000000,40.28457,69.61950
khulna,bangladesh,900000,22.81772,89.56398
kiffa,mauritania,50000,16.6163,-11.3997
kigali,rwanda,1800000,-1.95077,30.06143
kigoma,tanzania,200000,-4.88267,29.66231
kilkenny,ireland,30000,52.65085,-7.25132
kilmarnock,scotland,50000,55.61011,-4.49667
kingston,jamaica,1000000,17.9720,-76.7920
kinshasa,dr congo,12000000,-4.3212,15.3129
kirensk,russia,15000,57.77621,108.11628
kirkuk,iraq,1000000,35.4733,44.3964
kirov,russia,500000,58.6034,49.6671
kiruna,sweden,20000,67.85179,20.24377
kisangani,dr congo,1500000,0.5193,25.2057
kismayo,somalia,1500000,-0.3607,42.5411
kisumu,kenya,400000,-0.1021,34.7549
kitwe,zambia,700000,-12.8100,28.2084
klaipeda,lithuania,160000,55.7129,21.1346
knoxville,united states,600000,35.9604,-83.9201
kocaeli,turkey,2000000,40.7686,29.9405
kodiak,united states,6000,57.78994,-152.40732
koidu,sierra leone,130000,8.6430,-10.9705
kokkola,finland,50000,63.83881,23.13343
kokopo,papua new guinea,20000,-4.34337,152.26879
kokshetau,kazakhstan,150000,53.2843,69.3807
kolkata,india,21000000,22.5730,88.3641
konya,turkey,2000000,37.876,32.495
koper,slovenia,30000,45.5476,13.7309
korhogo,ivory coast,280000,9.4577,-5.6343
koror,palau,7000,7.34310,134.47652
kosice,slovakia,350000,48.7188,21.2482
kostroma,russia,300000,57.7678,40.9272
kota,india,1000000,25.1736,75.8592
koudougou,burkina faso,80000,12.25165,-2.36541
kpalime,togo,75000,6.9102,0.6324
kragujevac,serbia,170000,44.01313,20.91934
krakow,poland,1200000,50.06193,19.93727
kralendijk,bonaire,10000,12.14721,-68.27359
krasnoyarsk,russia,1200000,56.0109,92.8722
kremenchuk,ukraine,200000,49.06279,33.40342
krusevac,serbia,110000,43.58278,21.32644
kuantan,malaysia,500000,3.79977,103.32144
kuching,malaysia,700000,1.55927,110.34462
kulob,tajikistan,200000,37.90833,69.77374
kumasi,ghana,3500000,6.6989,-1.6236
kunduz,afghanistan,300000,36.7193,68.8705
kunming,china,6000000,25.047,102.708
kununurra,australia,5000,-15.77313,128.73882
kurgan,russia,350000,55.44094,65.34153
kursk,russia,450000,51.73080,36.19223
kutaisi,georgia,100000,42.27166,42.70523
kuwait,kuwait,3000000,29.3801,47.9759
kwekwe,zimbabwe,120000,-18.9276,29.8145
kyiv,ukraine,3500000,50.4507,30.5235
kyrenia,northern cyprus,30000,35.33967,33.32085
kyzyl,russia,120000,51.7186,94.4302
laayoune,western sahara,300000,27.15501,-13.19561
lafayette,united states,200000,30.2257,-92.0187
laghouat,algeria,150000,33.8067,2.8805
lagos,nigeria,16000000,6.4554,3.3941
lahore,pakistan,11000000,31.5660,74.3150
lakeland,united states,300000,28.03937,-81.94968
lampang,thailand,50000,18.28991,99.49562
lancaster,england,50000,54.04825,-2.79911
lansing,united states,300000,42.7333,-84.5532
lanzhou,china,3000000,36.0616,103.8325
laoag,philippines,100000,18.1979,120.5942
laredo,united states,250000,27.50561,-99.50781
larissa,greece,150000,39.6382,22.4162
larnaca,cyprus,100000,34.92345,33.62366
lashkargah,afghanistan,200000,31.5876,64.3607
latakia,syria,700000,35.5213,35.7797
launceston,australia,100000,-41.4344,147.1368
lausanne,switzerland,400000,46.52220,6.63231
lautoka,fiji,70000,-17.6039,177.4519
lawrence,united states,100000,38.97189,-95.23619
lawton,united states,100000,34.60870,-98.39046
leava,wallis and futuna,300,-14.30054,-178.15627
lebanon,united states,75000,40.34255,-76.42365
leeds,england,1000000,53.7968,-1.5422
leesburg,united states,150000,28.8099,-81.8784
leicester,england,550000,52.6359,-1.1337
leipzig,germany,2000000,51.3406,12.3747
lelydorp,suriname,20000,5.69328,-55.21351
leominster,united states,100000,42.52674,-71.76149
leon,mexico,1900000,21.12205,-101.68242
lerwick,scotland,7000,60.15310,-1.14275
leskovac,serbia,120000,42.99517,21.94656
lethem,guyana,2000,3.3745,-59.7962
leticia,colombia,50000,-4.21315,-69.94257
lewiston,united states,60000,44.10022,-70.21534
lexington,united states,300000,38.0440,-84.4993
lhasa,tibet,500000,29.65442,91.11717
liaocheng,china,1000000,36.442,115.963
liberia,costa rica,40000,10.63353,-85.43638
libreville,gabon,700000,0.4077,9.4417
liege,belgium,600000,50.6448,5.5735
liepaja,latvia,70000,56.5047,21.0072
lille,france,1100000,50.63678,3.06381
lilongwe,malawi,1000000,-13.9869,33.7685
lima,peru,10000000,-12.0613,-77.0365
limerick,ireland,100000,52.6615,-8.6298
limon,costa rica,60000,9.99345,-83.03020
lincoln,england,120000,53.22934,-0.54013
linden,guyana,30000,6.0096,-58.3127
linkoping,sweden,170000,58.4102,15.6226
linstead,jamaica,15000,18.13670,-77.03055
linyi,china,3000000,35.1035,118.3506
linz,austria,200000,48.3059,14.2870
lipetsk,russia,500000,52.6038,39.5934
lira,uganda,100000,2.2457,32.8962
lisbon,portugal,3000000,38.70808,-9.13702
lismore,australia,30000,-28.80772,153.27910
lithgow,australia,10000,-33.48167,150.15624
liverpool,england,1000000,53.4078,-2.9917
livingstone,zambia,200000,-17.8531,25.8625
ljubljana,slovenia,550000,46.0498,14.5074
llanelli,wales,25000,51.67985,-4.16176
lleida,spain,170000,41.6148,0.6266
lochmaddy,scotland,300,57.59961,-7.16088
lodi,united states,75000,38.1336,-121.2740
lodz,poland,1000000,51.7690,19.4568
logan,united states,100000,41.73132,-111.83498
loja,ecuador,200000,-3.99758,-79.20147
lome,togo,2000000,6.13023,1.21605
lompoc,united states,55000,34.6387,-120.4575
london,england,9000000,51.50762,-0.12720
longyearbyen,svalbard,1700,78.2226,15.6473
lorain,united states,200000,41.4670,-82.1781
louisville,united states,1000000,38.25402,-85.75928
loukhi,russia,5000,66.07527,33.04070
luanda,angola,7000000,-8.82715,13.24419
lubango,angola,600000,-14.9202,13.4871
lubbock,united states,300000,33.5847,-101.8470
lublin,poland,500000,51.2500,22.5700
lubumbashi,dr congo,3000000,-11.66426,27.48247
lucerne,switzerland,200000,47.05030,8.30498
lucknow,india,4000000,26.8385,80.9342
ludhiana,india,1500000,30.9096,75.8524
luena,angola,300000,-11.7791,19.9123
luganville,vanuatu,20000,-15.5121,167.1779
luhansk,donbas,500000,48.5717,39.2978
lulea,sweden,50000,65.58299,22.14586
luoyang,china,2000000,34.625,112.442
lusaka,zambia,3500000,-15.4164,28.2826
luton,england,200000,51.87835,-0.41542
lutsk,ukraine,200000,50.74509,25.31988
luxembourg,luxembourg,130000,49.61121,6.13003
luxor,egypt,400000,25.7012,32.6493
luzhou,china,1100000,28.8755,105.4382
lviv,ukraine,1100000,49.8421,24.0305
lynchburg,united states,150000,37.4131,-79.1424
lyon,france,2000000,45.75776,4.83227
macau,macau,700000,22.1900,113.5380
maceio,brazil,1000000,-9.64755,-35.73406
machala,ecuador,200000,-3.2593,-79.9585
mackay,australia,85000,-21.1425,149.1875
macon,united states,150000,32.84087,-83.63239
madang,papua new guinea,30000,-5.21212,145.80540
madera,united states,100000,36.9618,-120.0583
madison,united states,500000,43.07459,-89.38339
madrid,spain,7000000,40.41667,-3.70377
madurai,india,1000000,9.9257,78.1131
mafraq,jordan,120000,32.3415,36.2075
magadan,russia,100000,59.5605,150.7997
magdalena,bolivia,4000,-13.26355,-64.05467
magnitogorsk,russia,400000,53.42401,58.98285
mahajanga,madagascar,200000,-15.7182,46.3173
mahon,spain,30000,39.88937,4.26630
maitland,australia,90000,-32.73179,151.55112
majuro,marshall islands,20000,7.09095,171.38157
makassar,indonesia,2500000,-5.13412,119.41212
makeni,sierra leone,130000,8.8883,-12.0427
makhachkala,russia,600000,42.9832,47.5035
malabo,equatorial guinea,300000,3.7419,8.7741
maldonado,uruguay,130000,-34.90856,-54.95833
male,maldives,200000,4.17809,73.51047
maliana,east timor,15000,-8.99085,125.20337
mallacoota,australia,1000,-37.56033,149.75696
malmo,sweden,700000,55.6050,13.0023
manama,bahrain,500000,26.2223,50.5831
manbij,syria,100000,36.52681,37.95605
manchester,england,2000000,53.4789,-2.2440
mandeville,jamaica,70000,18.04301,-77.50769
mangnai,china,20000,38.2519,90.8528
manila,philippines,13000000,14.59050,120.98033
mankato,united states,60000,44.16343,-93.99920
mannheim,germany,2000000,49.4892,8.4677
manokwari,west papua,100000,-0.8619,134.0751
mansoura,egypt,600000,31.03727,31.38605
manta,ecuador,200000,-0.94869,-80.71930
manzanillo,mexico,160000,19.05035,-104.31553
maoming,china,1300000,21.6660,110.9187
maputo,mozambique,1000000,-25.9658,32.5669
maracaibo,venezuela,5000000,10.6499,-71.6444
marfa,united states,2000,30.31173,-104.02302
mariehamn,aland,10000,60.10238,19.94122
maroa,venezuela,1000,2.71780,-67.55828
marquette,united states,20000,46.54322,-87.39573
marrakesh,morocco,1000000,31.6278,-7.9898
marseille,france,2000000,43.29626,5.36991
mary,turkmenistan,100000,37.59390,61.84015
masaka,uganda,100000,-0.34291,31.73723
maseru,lesotho,300000,-29.3101,27.4775
mashhad,iran,3000000,36.2977,59.6056
matehuala,mexico,100000,23.64621,-100.64369
matsuyama,japan,700000,33.8399,132.7643
maturin,venezuela,400000,9.7424,-63.1889
maun,botswana,50000,-19.9864,23.4229
mawlamyine,myanmar,300000,16.4912,97.6290
mayaguez,puerto rico,200000,18.2016,-67.1388
maykop,russia,150000,44.60605,40.10387
mazatenango,guatemala,300000,14.5332,-91.5055
mazyr,belarus,100000,52.04758,29.26672
mbabane,eswatini,100000,-26.3257,31.1469
mbale,uganda,100000,1.07102,34.17503
mbarara,uganda,200000,-0.61089,30.65357
mbeya,tanzania,650000,-8.9063,33.4688
mcallen,united states,800000,26.20420,-98.23030
mecca,saudi arabia,3000000,21.42087,39.82681
medan,indonesia,5000000,3.5897,98.6744
medellin,colombia,3000000,6.24457,-75.57409
medford,united states,200000,42.32635,-122.87161
medina,saudi arabia,1400000,24.47129,39.61138
meerut,india,1300000,28.9964,77.7070
mekelle,ethiopia,400000,13.49676,39.47645
melbourne,australia,4000000,-37.8128,144.9619
melitopol,ukraine,150000,46.84672,35.38250
memphis,united states,1000000,35.14581,-90.05116
mendoza,argentina,700000,-32.88946,-68.84428
menindee,australia,600,-32.39234,142.41629
merauke,west papua,100000,-8.49033,140.39549
merca,somalia,700000,1.71494,44.77032
merida,mexico,1300000,20.9680,-89.6251
mersin,turkey,2000000,36.7986,34.6303
mesquite,united states,20000,36.80317,-114.06658
messina,italy,600000,38.19364,15.55432
mexicali,mexico,1000000,32.6408,-115.4759
miami,united states,6000000,25.77431,-80.19333
middletown,united states,100000,39.51642,-84.40418
midland,united states,150000,31.9973,-102.0781
mihtarlam,afghanistan,150000,34.66481,70.20598
milan,italy,4000000,45.4643,9.1897
mildura,australia,50000,-34.19540,142.15055
milwaukee,united states,1300000,43.03847,-87.90882
minneapolis,united states,3000000,44.9766,-93.2660
minot,united states,50000,48.2321,-101.2957
minsk,belarus,2000000,53.9017,27.5606
miquelon,saint pierre and miquelon,600,47.10194,-56.37978
mirny,russia,40000,62.5409,113.9787
miskolc,hungary,150000,48.1027,20.7909
misrata,libya,500000,32.3733,15.0911
missoula,united states,100000,46.8702,-113.9962
mitrovica,kosovo,45000,42.8792,20.8678
mitu,colombia,30000,1.25213,-70.23079
moab,united states,5000,38.57360,-109.54622
mobile,united states,300000,30.69099,-88.04306
mocha,yemen,16000,13.31793,43.25026
modesto,united states,400000,37.63932,-120.99621
mogadishu,somalia,3000000,2.0356,45.3419
mogilev,belarus,300000,53.9089,30.3442
molepolole,botswana,60000,-24.40565,25.51506
mombasa,kenya,1200000,-4.0504,39.6679
monaco,monaco,40000,43.73143,7.41985
moncton,canada,170000,46.0986,-64.8008
monrovia,liberia,2000000,6.3281,-10.7972
montevideo,uruguay,2000000,-34.9055,-56.1909
morelia,mexico,1000000,19.7026,-101.1920
morgantown,united states,80000,39.62308,-79.94751
morisset,australia,20000,-33.10670,151.48773
moroni,comoros,40000,-11.6924,43.2552
morristown,united states,65000,36.21374,-83.29559
moscow,russia,19000000,55.7508,37.6175
moshi,tanzania,200000,-3.3488,37.3446
mostar,bosnia and herzegovina,100000,43.34356,17.80755
mosul,iraq,1400000,36.34175,43.12941
moundou,chad,100000,8.5656,16.0751
muar,malaysia,300000,2.04242,102.56578
mudgee,australia,12000,-32.59820,149.58890
mukalla,yemen,600000,14.5432,49.1233
mulege,mexico,4000,26.89119,-111.98296
multan,pakistan,2000000,30.1988,71.4736
mumbai,india,24000000,19.0795,72.8788
muncie,united states,100000,40.19363,-85.38609
munich,germany,6000000,48.1378,11.5755
murcia,spain,700000,37.9937,-1.1288
murfreesboro,united states,200000,35.8461,-86.3910
murmansk,russia,300000,68.9706,33.0737
muscat,oman,1700000,23.5884,58.3838
muskegon,united states,200000,43.23404,-86.24851
muswellbrook,australia,15000,-32.26511,150.88855
mutare,zimbabwe,250000,-18.9743,32.6706
mwanza,tanzania,1300000,-2.5193,32.9023
mykolaiv,ukraine,500000,46.9749,31.9936
mysore,india,1300000,12.3056,76.6557
mzuzu,malawi,200000,-11.4607,34.0236
nabatieh,lebanon,100000,33.38139,35.48275
nabire,west papua,100000,-3.36053,135.50245
nablus,palestine,200000,32.22061,35.25693
nadi,fiji,50000,-17.77962,177.42954
nadym,russia,50000,65.53704,72.51955
nagoya,japan,9000000,35.1852,136.8999
nagpur,india,3000000,21.1497,79.0816
nagqu,tibet,100000,31.47853,92.04964
nain,canada,1000,56.54134,-61.69656
nairobi,kenya,4000000,-1.2837,36.8172
nakuru,kenya,600000,-0.28006,36.07086
nalchik,russia,250000,43.47690,43.59615
namangan,uzbekistan,1000000,41.0000,71.6734
nampula,mozambique,400000,-15.1190,39.2620
nanaimo,canada,100000,49.16369,-123.93763
nanchang,china,3500000,28.6886,115.8532
nanjing,china,8000000,32.046,118.773
nanning,china,4500000,22.818,108.358
nantes,france,1000000,47.21858,-1.55354
nanyang,china,1500000,33.0016,112.5295
napa,united states,100000,38.29674,-122.28573
napier,new zealand,60000,-39.4907,176.9173
naples,italy,3500000,40.83625,14.24867
narrabri,australia,5000,-30.32981,149.78142
narva,estonia,60000,59.3763,28.1926
nashik,india,1500000,20.0113,73.7917
nassau,bahamas,200000,25.07808,-77.33834
natal,brazil,750000,-5.80567,-35.20758
navan,ireland,30000,53.65199,-6.68338
navojoa,mexico,120000,27.07174,-109.44357
naxos,greece,7000,37.10193,25.37623
naypyidaw,myanmar,400000,19.7526,96.1338
ndola,zambia,600000,-12.9696,28.6369
necochea,argentina,90000,-38.55468,-58.73926
nelson,new zealand,50000,-41.27129,173.28341
neryungri,russia,60000,56.65788,124.71199
netanya,israel,200000,32.32884,34.85704
neuquen,argentina,300000,-38.9527,-68.0617
neves,sao tome and principe,10000,0.35875,6.55253
newark,united states,500000,40.73549,-74.17179
newcastle,england,800000,54.97392,-1.61293
newman,australia,5000,-23.35762,119.73261
newport,wales,130000,51.5878,-2.9976
newry,northern ireland,30000,54.17746,-6.33774
newtown,wales,10000,52.51366,-3.31409
ngawa,china,20000,32.90589,101.70181
nhulunbuy,australia,3000,-12.18089,136.77584
niamey,niger,1500000,13.5250,2.1097
nice,france,1000000,43.70108,7.26849
nicosia,cyprus,300000,35.17483,33.36376
niigata,japan,1400000,37.9179,139.0354
niksic,montenegro,70000,42.77392,18.94867
ningbo,china,4000000,29.861,121.616
nizhnekamsk,russia,250000,55.6413,51.8153
nizwa,oman,120000,22.9315,57.5306
nkayi,republic of the congo,100000,-4.1824,13.2866
nogales,mexico,250000,31.32846,-110.94501
nome,united states,3500,64.49775,-165.40621
norfolk,united states,1500000,36.84910,-76.28992
norilsk,russia,200000,69.3441,88.2079
norman,united states,100000,35.2228,-97.4391
northampton,england,250000,52.23787,-0.89633
norwich,england,200000,52.62845,1.29252
nottingham,england,1000000,52.95334,-1.15013
nouakchott,mauritania,1200000,18.07969,-15.97876
noumea,new caledonia,200000,-22.27428,166.44227
novosibirsk,russia,1600000,55.0287,82.9231
nowra,australia,35000,-34.87419,150.60050
nukualofa,tonga,75000,-21.13470,-175.20155
nuremberg,germany,3000000,49.45401,11.07731
nuuk,greenland,20000,64.17660,-51.73582
nyala,sudan,1100000,12.0499,24.8799
nyingchi,tibet,200000,29.6509,94.3595
nyiregyhaza,hungary,110000,47.9558,21.7172
nyngan,australia,2000,-31.56300,147.19663
nzerekore,guinea,200000,7.75887,-8.81584
oaxaca,mexico,700000,17.0599,-96.7264
ocala,united states,200000,29.18697,-82.13988
odense,denmark,200000,55.3992,10.3862
odesa,ukraine,1400000,46.4840,30.7322
ogden,united states,600000,41.22289,-111.97369
oiapoque,brazil,30000,3.84306,-51.83496
okayama,japan,1600000,34.6575,133.9192
okhotsk,russia,4000,59.36194,143.21434
olavarria,argentina,100000,-36.89397,-60.32352
olomouc,czech republic,100000,49.5944,17.2503
olsztyn,poland,170000,53.7762,20.4768
olympia,united states,200000,47.04492,-122.89547
omagh,northern ireland,20000,54.59907,-7.30230
omaha,united states,800000,41.25865,-95.93811
omeo,australia,400,-37.10046,147.59231
omsk,russia,1100000,54.9917,73.3712
onitsha,nigeria,8000000,6.1462,6.8026
oodnadatta,australia,100,-27.54833,135.44829
oral,kazakhstan,250000,51.20382,51.37053
oranjestad,aruba,30000,12.52017,-70.03707
orbost,australia,2500,-37.70389,148.45568
orebro,sweden,130000,59.2745,15.2154
orenburg,russia,550000,51.76704,55.09729
orlando,united states,1800000,28.54178,-81.37848
orsk,russia,250000,51.23005,58.47404
oruro,bolivia,200000,-17.96983,-67.11462
oryol,russia,300000,52.96854,36.06915
osaka,japan,15000000,34.6949,135.5006
oshkosh,united states,75000,44.0201,-88.5405
osijek,croatia,100000,45.55475,18.69478
oskemen,kazakhstan,400000,49.94907,82.62783
oslo,norway,1000000,59.91341,10.73922
osorno,chile,150000,-40.5751,-73.1339
ostersund,sweden,70000,63.1789,14.6355
ostrava,czech republic,300000,49.8350,18.2809
otavalo,ecuador,45000,0.22947,-78.26205
otjiwarongo,namibia,50000,-20.46300,16.64918
ottawa,canada,1000000,45.42201,-75.69065
ouagadougou,burkina faso,2500000,12.3693,-1.5274
ouargla,algeria,130000,31.9443,5.3229
oujda,morocco,500000,34.67861,-1.92862
oulu,finland,200000,65.0122,25.4715
oviedo,spain,800000,43.36185,-5.84816
owensboro,united states,80000,37.7738,-87.1130
oxford,england,150000,51.75193,-1.25793
oxnard,united states,400000,34.1966,-119.1804
oyem,gabon,60000,1.59963,11.57547
pachuca,mexico,250000,20.11599,-98.74168
padang,indonesia,1000000,-0.92496,100.36234
paducah,united states,50000,37.08319,-88.59993
pakse,laos,100000,15.1200,105.8045
palaiochora,greece,2000,35.23037,23.68172
palembang,indonesia,2500000,-2.9895,104.7567
palikir,micronesia,6000,6.92085,158.16270
palmyra,syria,50000,34.55595,38.28109
palu,indonesia,400000,-0.8966,119.8687
pamplona,spain,300000,42.81829,-1.64366
panevezys,lithuania,90000,55.73431,24.35789
pantelleria,italy,5000,36.83142,11.94501
papaichton,french guiana,5000,3.80896,-54.15065
papeete,french polynesia,120000,-17.53746,-149.56590
paphos,cyprus,60000,34.77430,32.42332
paramaribo,suriname,240000,5.8242,-55.1699
paris,france,10000000,48.85358,2.34833
parkes,australia,10000,-33.13689,148.17531
parnaiba,brazil,170000,-2.9160,-41.7666
pascagoula,united states,50000,30.36462,-88.55856
pasto,colombia,400000,1.21377,-77.27835
patna,india,2500000,25.6096,85.1228
patos,brazil,100000,-7.02602,-37.27678
patras,greece,250000,38.2455,21.7358
pattaya,thailand,1000000,12.93639,100.88642
pavlodar,kazakhstan,350000,52.2852,76.9434
paysandu,uruguay,75000,-32.32163,-58.08935
pecs,hungary,140000,46.0767,18.2284
peel,isle of man,5000,54.22291,-4.69567
pehuajo,argentina,30000,-35.81106,-61.89955
peja,kosovo,50000,42.6585,20.2876
pekanbaru,indonesia,1100000,0.52639,101.45102
pelotas,brazil,350000,-31.77013,-52.34110
pembroke,wales,7000,51.67535,-4.91432
penonome,panama,20000,8.52033,-80.35950
penrith,england,15000,54.66383,-2.75190
pensacola,united states,400000,30.4210,-87.2170
penza,russia,500000,53.1948,45.0192
peoria,united states,300000,40.6938,-89.5890
perm,russia,1000000,58.0148,56.2466
perth,australia,2000000,-31.9542,115.8604
perugia,italy,160000,43.11170,12.38914
pescara,italy,300000,42.46947,14.20584
peshawar,pakistan,2000000,34.0127,71.5787
petaluma,united states,65000,38.23231,-122.63643
peterborough,england,200000,52.57223,-0.24256
petrozavodsk,russia,300000,61.78988,34.38995
pevek,russia,4000,69.70278,170.27504
philipsburg,sint maarten,2000,18.02489,-63.04831
phitsanulok,thailand,300000,16.8146,100.2640
phoenix,united states,3000000,33.4481,-112.0743
phuket,thailand,250000,7.88472,98.38926
pierre,united states,15000,44.36838,-100.35127
pietersburg,south africa,130000,-23.90585,29.46070
pilar,paraguay,30000,-26.85834,-58.30350
pilsen,czech republic,200000,49.7477,13.3769
pinehurst,united states,50000,35.19506,-79.46943
pingdingshan,china,1000000,33.7376,113.2969
pinsk,belarus,130000,52.11151,26.10266
pisa,italy,100000,43.7154,10.4023
pisco,peru,100000,-13.70999,-76.20289
pittsburgh,united states,1700000,40.44162,-79.99034
piura,peru,500000,-5.1980,-80.6259
pleiku,vietnam,300000,13.9712,108.0148
pleven,bulgaria,100000,43.40888,24.61813
plovdiv,bulgaria,300000,42.1423,24.7515
plymouth,england,250000,50.37136,-4.14219
pocatello,united states,70000,42.8623,-112.4502
pocri,panama,1000,7.66042,-80.11848
podgorica,montenegro,180000,42.44151,19.26178
pokhara,nepal,600000,28.20965,83.99134
poltava,ukraine,300000,49.5901,34.5503
ponce,puerto rico,200000,18.0122,-66.6135
pontianak,indonesia,700000,-0.02663,109.34225
poole,england,150000,50.71774,-1.98157
popayan,colombia,300000,2.44230,-76.60724
popondetta,papua new guinea,60000,-8.7662,148.2372
porlamar,venezuela,150000,10.96365,-63.84636
porto,portugal,1700000,41.14964,-8.61088
porvenir,chile,5000,-53.29585,-70.36898
posadas,argentina,350000,-27.36651,-55.89449
potosi,bolivia,300000,-19.58935,-65.75343
poughkeepsie,united states,300000,41.70605,-73.92872
poznan,poland,900000,52.4077,16.9327
prague,czech republic,1000000,50.08749,14.42076
praia,cape verde,150000,14.9163,-23.5095
prayagraj,india,1100000,25.4380,81.8330
preston,england,150000,53.75922,-2.69972
pretoria,south africa,3000000,-25.7458,28.1868
pristina,kosovo,160000,42.66382,21.16465
prizren,kosovo,100000,42.2135,20.7353
prokopyevsk,russia,200000,53.88790,86.74959
providence,united states,1300000,41.82381,-71.41294
pskov,russia,200000,57.81738,28.33460
pucallpa,peru,200000,-8.3819,-74.5381
puebla,mexico,3000000,19.0438,-98.1985
puer,china,300000,22.82658,100.96521
pula,croatia,60000,44.87026,13.84569
pune,india,4000000,18.5211,73.8539
puno,peru,400000,-15.8403,-70.0286
putian,china,1500000,25.45593,119.00296
pyatigorsk,russia,150000,44.03966,43.07087
pyongyang,north korea,3000000,39.0172,125.7468
qamishli,syria,200000,37.0505,41.2303
qiemo,east turkestan,20000,38.14448,85.52753
qingdao,china,7000000,36.06443,120.31918
qinhuangdao,china,1500000,39.94008,119.58961
qiqihar,china,1000000,47.3391,123.9484
quanzhou,china,1500000,24.8762,118.6716
quebec,canada,800000,46.8136,-71.2093
queenstown,new zealand,30000,-45.03223,168.66125
quellon,chile,25000,-43.12013,-73.62024
queretaro,mexico,1600000,20.5965,-100.3958
quesnel,canada,25000,52.97940,-122.49344
quetta,pakistan,1000000,30.1951,67.0176
quevedo,ecuador,200000,-1.02446,-79.46651
quito,ecuador,1000000,-0.2209,-78.5128
rabat,morocco,600000,34.0235,-6.8342
racine,united states,150000,42.73128,-87.78351
radcliff,united states,80000,37.83982,-85.94862
rafah,palestine,160000,31.27510,34.25571
ragusa,italy,75000,36.92564,14.73078
raipur,india,1000000,21.2372,81.6346
rajkot,india,1300000,22.3028,70.8021
raleigh,united states,1100000,35.78029,-78.63894
ramallah,palestine,100000,31.90303,35.19513
ramsey,isle of man,8000,54.32170,-4.38234
raqqa,syria,500000,35.9494,39.0083
rayong,thailand,70000,12.6825,101.2761
reading,england,150000,51.45639,-0.97040
recife,brazil,3000000,-8.0580,-34.8850
reconquista,argentina,100000,-29.14448,-59.64383
redding,united states,100000,40.58600,-122.39164
regina,canada,250000,50.44805,-104.61594
reims,france,180000,49.25767,4.03215
rennes,france,700000,48.11150,-1.68022
reno,united states,400000,39.52596,-119.81277
reykjavik,iceland,200000,64.14570,-21.94176
reynosa,mexico,700000,26.09078,-98.27888
rhodes,greece,90000,36.44348,28.22722
richmond,united states,1000000,37.53852,-77.43473
riga,latvia,800000,56.9493,24.1061
rijeka,croatia,140000,45.32699,14.44221
riobamba,ecuador,180000,-1.67333,-78.64855
rivera,uruguay,65000,-30.89990,-55.54070
rivne,ukraine,250000,50.61925,26.25132
riyadh,saudi arabia,7000000,24.63883,46.71576
rizhao,china,1100000,35.4198,119.5189
roanoke,united states,200000,37.27098,-79.94167
robore,bolivia,10000,-18.33082,-59.75636
rochester,england,200000,51.38831,0.50503
rockhampton,australia,80000,-23.3790,150.5127
rogachevo,russia,500,71.61249,52.44856
roma,australia,6000,-26.57137,148.78673
rome,italy,4000000,41.89341,12.48296
rorainopolis,brazil,35000,0.93856,-60.42343
rosario,argentina,1000000,-32.9590,-60.6614
roseau,dominica,15000,15.29938,-61.38722
rotorua,new zealand,60000,-38.13827,176.25280
rotterdam,netherlands,1300000,51.9245,4.4773
rovaniemi,finland,60000,66.50255,25.73135
ruhengeri,rwanda,150000,-1.50099,29.63223
rurrenabaque,bolivia,15000,-14.44377,-67.53122
ruse,bulgaria,130000,43.84771,25.95451
rustavi,georgia,100000,41.54321,45.01030
ryazan,russia,500000,54.62929,39.74218
rybinsk,russia,200000,58.0502,38.8350
rybnik,poland,500000,50.09550,18.54183
rzeszow,poland,200000,50.0372,22.0046
sabha,libya,100000,27.03623,14.42883
sabinas,mexico,50000,27.85217,-101.11834
sacramento,united states,2000000,38.5805,-121.4947
saginaw,united states,100000,43.41970,-83.94894
saguenay,canada,170000,48.40590,-71.06901
saida,algeria,150000,34.8297,0.1497
sainshand,mongolia,25000,44.88826,110.14257
saipan,northern mariana islands,40000,15.21287,145.75274
salalah,oman,300000,17.0176,54.1001
salem,united states,300000,44.9384,-123.0335
salisbury,england,40000,51.06899,-1.79584
salta,argentina,500000,-24.7897,-65.4102
salvador,brazil,2000000,-12.9820,-38.4824
salzburg,austria,100000,47.79811,13.04609
samarkand,uzbekistan,1000000,39.65507,66.97592
sampacho,argentina,8000,-33.38405,-64.72303
samsun,turkey,1400000,41.2946,36.3297
sanaa,yemen,3500000,15.3532,44.2049
sanliurfa,turkey,2000000,37.1584,38.7907
santiago,chile,7000000,-33.43785,-70.65067
sapporo,japan,2600000,43.0621,141.3535
sarajevo,bosnia and herzegovina,600000,43.85180,18.38665
sarh,chad,90000,9.1402,18.3925
saskatoon,canada,300000,52.13154,-106.66042
savannakhet,laos,120000,16.5645,104.7546
scarborough,trinidad and tobago,20000,11.18510,-60.73534
scranton,united states,400000,41.40852,-75.66224
seaside,united states,150000,36.62576,-121.81735
seattle,united states,2000000,47.6041,-122.3321
sedalia,united states,20000,38.70973,-93.22955
segou,mali,130000,13.4416,-6.2681
sejong,south korea,400000,36.48059,127.28897
selfoss,iceland,10000,63.9368,-21.0038
semarang,indonesia,5000000,-6.9913,110.4226
semey,kazakhstan,350000,50.4040,80.2493
sendai,japan,2200000,38.2681,140.8694
seoul,south korea,25000000,37.5677,126.9807
seremban,malaysia,800000,2.72285,101.94025
setif,algeria,800000,36.18978,5.40407
sevastopol,crimea,550000,44.6055,33.5220
seville,spain,1500000,37.3883,-5.9958
sfax,tunisia,1000000,34.7392,10.7587
shakhty,russia,200000,47.7117,40.2120
shanghai,china,24000000,31.2334,121.4662
shaoxing,china,2500000,29.9984,120.5763
sharjah,united arab emirates,2000000,25.3471,55.4178
sheberghan,afghanistan,200000,36.6610,65.7600
sheffield,england,700000,53.38061,-1.47028
shenzhen,china,12000000,22.5444,114.0539
shepparton,australia,50000,-36.38114,145.39907
sherman,united states,65000,33.63995,-96.60931
shigatse,tibet,800000,29.27225,88.88077
shijiazhuang,china,5000000,38.0435,114.5084
shiquanhe,tibet,20000,32.49518,80.10037
shiraz,iran,1800000,29.6060,52.5387
shizuoka,japan,2800000,34.9802,138.3824
shoyna,russia,300,67.87831,44.15302
shreveport,united states,300000,32.5134,-93.7481
shuanghu,tibet,1500,33.19126,88.83433
shymkent,kazakhstan,1200000,42.3141,69.5908
siauliai,lithuania,110000,55.9339,23.3161
sidon,lebanon,160000,33.56189,35.37804
sighisoara,romania,25000,46.22014,24.79322
sikasso,mali,200000,11.3163,-5.6796
simferopol,crimea,300000,44.95198,34.10191
simpsonville,united states,150000,34.73699,-82.25412
singapore,singapore,5000000,1.29023,103.85161
sinop,brazil,120000,-11.8581,-55.4967
sinuiju,north korea,350000,40.0948,124.3979
sirte,libya,130000,31.2061,16.5836
sitka,united states,10000,57.05238,-135.33757
sittwe,myanmar,120000,20.13924,92.89713
skhoder,albania,150000,42.06784,19.51155
skikda,algeria,200000,36.88024,6.90731
skopje,north macedonia,500000,41.9969,21.4323
slidell,united states,100000,30.27486,-89.78113
sligo,ireland,20000,54.27207,-8.47527
sliven,bulgaria,100000,42.68136,26.31552
slobozia,transnistria,20000,46.72792,29.70823
smara,western sahara,60000,26.74400,-11.66422
smolensk,russia,350000,54.78153,32.04592
sochi,russia,500000,43.5855,39.7242
sofia,bulgaria,1000000,42.6978,23.3199
sohar,oman,200000,24.3437,56.7416
sokode,togo,200000,8.9836,1.1433
songkhla,thailand,60000,7.1978,100.5929
sonsonate,el salvador,60000,13.72067,-89.72766
sorong,west papua,300000,-0.86372,131.25409
sousse,tunisia,800000,35.82910,10.64043
southampton,england,250000,50.9027,-1.4049
spartanburg,united states,200000,34.9494,-81.9329
split,croatia,170000,43.51177,16.44018
spokane,united states,400000,47.65701,-117.42359
springbok,south africa,13000,-29.66631,17.88282
srinagar,kashmir,1300000,34.0746,74.8183
staffin,scotland,500,57.62643,-6.20672
stamford,united states,900000,41.05324,-73.53845
stanley,falkland islands,3000,-51.69306,-57.85649
staunton,united states,60000,38.1487,-79.0731
stavanger,norway,230000,58.96988,5.73195
sterlitamak,russia,300000,53.63230,55.95200
steubenville,united states,60000,40.3598,-80.6163
stirling,scotland,100000,56.11805,-3.93654
stockholm,sweden,2500000,59.32502,18.07071
stoke,england,260000,53.0172,-2.1811
stornoway,scotland,7000,58.20812,-6.38855
strasbourg,france,800000,48.58450,7.75068
stromness,scotland,2500,58.96136,-3.30019
stuttgart,germany,5000000,48.7780,9.1805
subotica,serbia,120000,46.0992,19.6648
suceava,romania,85000,47.64694,26.25200
sucre,bolivia,200000,-19.0483,-65.2588
sudbury,canada,170000,46.49242,-80.99121
suez,egypt,500000,29.9725,32.5367
sukhumi,abkhazia,60000,43.00330,41.01943
summerville,united states,50000,33.01838,-80.17651
sumter,united states,70000,33.9196,-80.3413
sumy,ukraine,250000,50.9109,34.8033
sundsvall,sweden,60000,62.39067,17.30733
suqian,china,1000000,33.960,118.273
surabaya,indonesia,9000000,-7.24643,112.73775
surgut,russia,400000,61.25393,73.39674
suva,fiji,200000,-18.1418,178.4427
suzhou,china,7000000,31.313,120.622
swakopmund,namibia,75000,-22.6771,14.5322
swansea,wales,300000,51.6195,-3.9455
swindon,england,200000,51.5616,-1.7860
sydney,australia,4000000,-33.86982,151.20822
syktyvkar,russia,250000,61.66866,50.83546
syracuse,italy,120000,37.06425,15.29074
syzran,russia,170000,53.1548,48.4724
szczecin,poland,700000,53.4298,14.5514
szeged,hungary,160000,46.2545,20.1489
tabora,tanzania,200000,-5.0229,32.8114
tabriz,iran,1700000,38.0734,46.2981
tacheng,east turkestan,100000,46.75098,82.98351
tacna,peru,300000,-18.0143,-70.2500
taganrog,russia,250000,47.21485,38.92868
tahoua,niger,120000,14.88992,5.26194
taian,china,1500000,36.1998,117.0806
taichung,taiwan,4000000,24.1640,120.6477
tainan,taiwan,2000000,22.9922,120.1842
taipei,taiwan,7000000,25.03767,121.56363
taiyuan,china,4500000,37.8721,112.5453
taiz,yemen,1000000,13.5744,44.0215
talca,chile,200000,-35.4261,-71.6655
taldykorgan,kazakhstan,150000,45.0164,78.3789
tallinn,estonia,400000,59.43719,24.74542
taloqan,afghanistan,200000,36.7358,69.5351
tamale,ghana,500000,9.4052,-0.8429
tambov,russia,250000,52.72158,41.45227
tampere,finland,400000,61.49809,23.75999
tamworth,australia,40000,-31.09006,150.92863
tangier,morocco,900000,35.77012,-5.80284
tanta,egypt,600000,30.78391,30.99870
taos,united states,6000,36.40723,-105.57329
tarawa,kiribati,60000,1.34894,173.03883
taree,australia,25000,-31.91275,152.46105
tarija,bolivia,300000,-21.53445,-64.73419
tarragona,spain,400000,41.11732,1.25450
tartu,estonia,100000,58.37998,26.72338
tashkent,uzbekistan,3000000,41.3126,69.2791
taunggyi,myanmar,300000,20.79102,97.03674
taupo,new zealand,25000,-38.68668,176.06964
tauranga,new zealand,160000,-37.68610,176.16723
tawau,malaysia,400000,4.24379,117.88519
tbilisi,georgia,1000000,41.69358,44.80156
tebessa,algeria,200000,35.4046,8.1203
tefe,brazil,60000,-3.34866,-64.71033
tegucigalpa,honduras,1000000,14.10580,-87.20407
tehran,iran,14000000,35.68921,51.38954
tekirdag,turkey,1200000,40.9777,27.5111
telford,england,150000,52.67789,-2.45150
temecula,united states,500000,33.49456,-117.14730
temirtau,kazakhstan,200000,50.0586,72.9533
temple,united states,100000,31.0981,-97.3430
temuco,chile,300000,-38.7357,-72.5911
tena,ecuador,30000,-0.99168,-77.81625
tenterfield,australia,4000,-29.04848,152.01765
tepic,mexico,400000,21.51145,-104.89162
teresopolis,brazil,160000,-22.41662,-42.97491
ternopil,ukraine,200000,49.55590,25.59162
tetovo,north macedonia,60000,42.00674,20.97264
texarkana,united states,80000,33.42539,-94.04348
thakhek,laos,25000,17.39481,104.80618
thessaloniki,greece,1000000,40.64034,22.93533
thies,senegal,400000,14.7905,-16.9231
thimphu,bhutan,100000,27.47146,89.63376
thurso,scotland,8000,58.59472,-3.52060
tianjin,china,13000000,39.1146,117.1912
tiaret,algeria,200000,35.3665,1.3177
tibooburra,australia,130,-29.43314,142.01054
ticonderoga,united states,3000,43.84867,-73.42318
tifariti,western sahara,3000,26.15961,-10.55893
tijuana,mexico,2000000,32.5315,-117.0202
tiksi,russia,5000,71.63661,128.86774
timaru,new zealand,30000,-44.39309,171.25106
timbuktu,mali,50000,16.77180,-3.00871
timisoara,romania,400000,45.7542,21.2263
tindouf,algeria,150000,27.67266,-8.13932
tinogasta,argentina,10000,-28.06569,-67.56437
tinsukia,india,130000,27.48792,95.36017
tirana,albania,600000,41.32855,19.81848
tlemcen,algeria,150000,34.88192,-1.31699
toamasina,madagascar,300000,-18.15539,49.41015
tobermory,scotland,1000,56.62282,-6.06836
tobruk,libya,170000,32.07727,23.96015
tocoa,honduras,60000,15.65746,-86.00501
tokyo,japan,37000000,35.68236,139.76214
toledo,spain,120000,39.85596,-4.02400
toluca,mexico,2000000,19.2926,-99.6569
tolyatti,russia,700000,53.5152,49.4083
tomsk,russia,500000,56.48889,84.95247
tonala,mexico,35000,16.08938,-93.75479
tonopah,united states,2000,38.06811,-117.23094
toowoomba,australia,150000,-27.5615,151.9540
topeka,united states,150000,39.0487,-95.6775
toronto,canada,6000000,43.65365,-79.38395
torreon,mexico,1400000,25.5421,-103.4081
torshavn,faroe islands,20000,62.01196,-6.76801
touba,senegal,1100000,14.86458,-15.87576
toulouse,france,1300000,43.60420,1.44419
tours,france,500000,47.39027,0.68922
townsville,australia,100000,-19.25682,146.82361
tracy,united states,100000,37.73821,-121.41987
tralee,ireland,25000,52.26913,-9.70591
trang,thailand,60000,7.55595,99.60789
trapani,italy,70000,38.01736,12.51592
traralgon,australia,40000,-38.19495,146.53805
trelew,argentina,100000,-43.2533,-65.3094
trenton,united states,400000,40.22050,-74.76625
trincomalee,sri lanka,100000,8.57640,81.23437
tripoli,libya,2000000,32.89649,13.17750
tromso,norway,70000,69.65157,18.95571
trondheim,norway,200000,63.43044,10.39495
trujillo,peru,1000000,-8.11200,-79.02861
truro,england,20000,50.26320,-5.05182
tshikapa,dr congo,1000000,-6.42355,20.78888
tskhinvali,south ossetia,30000,42.22528,43.97072
tucson,united states,900000,32.22260,-110.97496
tucuman,argentina,500000,-26.82997,-65.20369
tuguegarao,philippines,160000,17.6118,121.7289
tula,russia,500000,54.19283,37.61736
tulsa,united states,700000,36.15624,-95.99270
tulum,mexico,50000,20.21110,-87.46284
tumeremo,venezuela,35000,7.29883,-61.50438
tunis,tunisia,3000000,36.80018,10.18570
tura,russia,5000,64.27415,100.21660
turin,italy,1700000,45.0678,7.6822
turku,finland,300000,60.45159,22.26774
turlock,united states,80000,37.4943,-120.8479
turukhansk,russia,4000,65.79347,87.95869
tuscaloosa,united states,150000,33.20957,-87.56773
tutong,brunei,10000,4.8069,114.6588
tuxpan,mexico,100000,20.95202,-97.40461
tuzla,bosnia and herzegovina,140000,44.53907,18.67513
tver,russia,400000,56.85859,35.92083
tyler,united states,150000,32.35129,-95.30107
tyndrum,scotland,160,56.43589,-4.71180
tyre,lebanon,130000,33.27203,35.19650
tyumen,russia,900000,57.1536,65.5410
uberlandia,brazil,700000,-18.9225,-48.2739
udine,italy,180000,46.0633,13.2361
uelen,russia,700,66.16054,-169.81700
ukhta,russia,100000,63.5619,53.6843
ulaanbaatar,mongolia,2000000,47.91873,106.91757
ulladulla,australia,15000,-35.36221,150.47510
ulsan,south korea,1100000,35.53942,129.31183
ulverstone,australia,14000,-41.15722,146.17026
ulyanovsk,russia,600000,54.3147,48.4010
uman,ukraine,80000,48.74968,30.22064
umea,sweden,130000,63.8259,20.2619
umtata,south africa,100000,-31.58917,28.78924
unalaska,united states,4000,53.87353,-166.53334
upington,south africa,75000,-28.4563,21.2407
uppsala,sweden,200000,59.8588,17.6372
urmia,iran,1000000,37.54832,45.06660
uruguaiana,brazil,130000,-29.75626,-57.08651
urumqi,east turkestan,4000000,43.8242,87.6146
ushuaia,argentina,80000,-54.8067,-68.3075
ussuriysk,russia,180000,43.7972,131.9510
ustupo,panama,3000,9.12987,-77.92675
usulutan,el salvador,50000,13.34382,-88.43805
utica,united states,100000,43.10067,-75.23214
utqiagvik,united states,5000,71.29043,-156.78846
utrecht,netherlands,500000,52.0906,5.1207
uvalde,united states,15000,29.20960,-99.78624
uyuni,bolivia,30000,-20.46284,-66.82400
vaasa,finland,70000,63.09573,21.61646
vacaville,united states,100000,38.35626,-121.98687
vadodara,india,1500000,22.2977,73.1957
vaduz,liechtenstein,5000,47.13935,9.52257
valdivia,chile,150000,-39.81440,-73.24585
valencia,spain,2000000,39.4688,-0.3749
valletta,malta,500000,35.89909,14.51367
valparaiso,chile,900000,-33.04587,-71.62004
vanadzor,armenia,80000,40.81128,44.48553
vancouver,canada,2000000,49.2612,-123.1138
varanasi,india,1500000,25.33573,83.00806
varna,bulgaria,300000,43.2073,27.9173
vasteras,sweden,130000,59.61095,16.54610
vavuniya,sri lanka,100000,8.7590,80.4999
venice,italy,500000,45.43714,12.33584
veracruz,mexico,1000000,19.1995,-96.1390
vicksburg,united states,20000,32.35234,-90.87770
victoria,seychelles,25000,-4.62309,55.45220
viedma,argentina,60000,-40.8090,-62.9956
vienna,austria,1000000,48.2085,16.3731
vigo,spain,600000,42.23757,-8.72478
vijayawada,india,1000000,16.5090,80.6184
villahermosa,mexico,500000,17.98828,-92.93678
vilnius,lithuania,600000,54.6875,25.2823
vilyuchinsk,russia,20000,52.93162,158.40551
vineland,united states,100000,39.4856,-75.0253
vinh,vietnam,500000,18.66975,105.68419
vinnytsia,ukraine,600000,49.2321,28.4687
visalia,united states,150000,36.33003,-119.29195
vitebsk,belarus,300000,55.1931,30.2066
vitoria,brazil,1800000,-20.3211,-40.3363
vladivostok,russia,600000,43.11508,131.88538
vlore,albania,130000,40.47039,19.49129
volgograd,russia,1000000,48.7075,44.5139
volos,greece,90000,39.36267,22.94005
vorkuta,russia,70000,67.5032,64.0627
voronezh,russia,1000000,51.6613,39.2013
vyborg,russia,70000,60.70916,28.74384
waco,united states,200000,31.5488,-97.1466
waiouru,new zealand,750,-39.47730,175.66980
waldorf,united states,100000,38.62633,-76.91082
walgett,australia,2000,-30.02240,148.11776
wangaratta,australia,18000,-36.35652,146.32296
wanyjok,south sudan,300000,9.01289,27.57182
warrnambool,australia,35000,-38.38291,142.48049
warsaw,poland,2500000,52.2322,21.0065
warwick,australia,15000,-28.21642,152.03284
waspam,nicaragua,60000,14.74065,-83.97254
waterford,ireland,60000,52.26107,-7.11227
watsonville,united states,70000,36.90917,-121.75289
wausau,united states,80000,44.9598,-89.6275
weifang,china,2000000,36.705,119.155
weipa,australia,4000,-12.63845,141.87109
wellington,new zealand,200000,-41.28858,174.77617
wenatchee,united states,80000,47.42211,-120.31128
weno,micronesia,13000,7.446100,151.841585
wenzhou,china,2500000,27.9959,120.6951
wexford,ireland,20000,52.33676,-6.46082
weymouth,england,50000,50.60944,-2.45476
whangarei,new zealand,50000,-35.72781,174.31955
wheeland,turks and caicos islands,3000,21.82011,-72.28695
whitehorse,canada,25000,60.7213,-135.0553
whyalla,australia,20000,-33.03853,137.58471
wichita,united states,500000,37.69217,-97.33681
wilcannia,australia,750,-31.55917,143.37454
willemstad,curacao,130000,12.11017,-68.93711
wilmington,united states,250000,34.22578,-77.94525
winchester,england,120000,51.06106,-1.31304
windhoek,namibia,500000,-22.5777,17.0762
winnipeg,canada,800000,49.8949,-97.1404
winton,australia,850,-22.38454,143.03646
wollongong,australia,300000,-34.42436,150.89370
wonsan,north korea,400000,39.17259,127.42836
woomera,australia,150,-31.19997,136.82532
worcester,england,100000,52.19111,-2.22053
workington,england,25000,54.6412,-3.5472
wrexham,wales,50000,53.0468,-2.9931
wroclaw,poland,900000,51.1090,17.0333
wuhan,china,8000000,30.5963,114.2990
wuhu,china,1500000,31.3545,118.4258
wuxi,china,4000000,31.5768,120.2921
xalapa,mexico,500000,19.54094,-96.91435
xiamen,china,5000000,24.4800,118.0859
xian,china,12000000,34.261,108.938
xining,china,1500000,36.6173,101.7756
xinxiang,china,1300000,35.3011,113.9186
xinyang,china,1000000,32.144,114.079
xuzhou,china,3000000,34.2654,117.1809
yagodnoye,russia,4000,62.52178,149.62503
yakima,united states,150000,46.60128,-120.51109
yakutsk,russia,350000,62.0283,129.7321
yallahs,jamaica,10000,17.87365,-76.56196
yamoussoukro,ivoy coast,350000,6.82004,-5.27739
yancheng,china,1400000,33.352,120.149
yangon,myanmar,5000000,16.7976,96.1599
yantai,china,2000000,37.4601,121.4429
yaounde,cameroon,1000000,3.86909,11.52131
yaren,nauru,1000,-0.54696,166.91642
yaroslavl,russia,600000,57.62643,39.89273
yass,australia,7000,-34.84195,148.91101
yellowknife,canada,20000,62.4535,-114.3769
yeovil,england,50000,50.94207,-2.63157
yerevan,armenia,1000000,40.1782,44.5128
yibin,china,1100000,28.754,104.642
yichang,china,1300000,30.696,111.278
yinchuan,china,1100000,38.485,106.235
yogyakarta,indonesia,1500000,-7.8015,110.3659
york,england,200000,53.95899,-1.08164
youngstown,united states,300000,41.10322,-80.65184
yueyang,china,1100000,29.3605,113.1231
yulara,australia,1000,-25.24167,130.98690
yulee,united states,50000,30.63160,-81.60636
yuma,united states,150000,32.72328,-114.61796
yushu,china,120000,32.99531,97.00799
zacatecas,mexico,150000,22.77515,-102.57231
zadar,croatia,70000,44.11674,15.23495
zagreb,croatia,800000,45.8118,15.9803
zahle,lebanon,100000,33.8466,35.9023
zakynthos,greece,20000,37.78269,20.89608
zanzibar,tanzania,200000,-6.16641,39.20746
zaozhuang,china,1400000,34.8099,117.3148
zapala,argentina,30000,-38.90055,-70.06694
zaporizhzhia,ukraine,800000,47.8508,35.1185
zaragoza,spain,700000,41.6516,-0.8803
zarqa,jordan,700000,32.06679,36.08906
zeehan,australia,700,-41.88402,145.33560
zenica,bosnia and herzegovina,160000,44.19987,17.90892
zhanjiang,china,1500000,21.273,110.358
zhaoqing,china,1000000,23.0516,112.4595
zhengzhou,china,10000000,34.7546,113.6591
zhezkazgan,kazakhstan,100000,47.8043,67.7139
zhongshan,china,4000000,22.5186,113.3865
zhytomyr,ukraine,270000,50.2600,28.6699
zibo,china,3000000,36.8208,117.9808
ziguinchor,senegal,200000,12.56386,-16.27316
zihuatanejo,mexico,60000,17.64652,-101.55230
zilina,slovakia,160000,49.2233,18.7392
zinder,niger,200000,13.8062,8.9896
zrenjanin,serbia,100000,45.3802,20.3906
zunyi,china,1500000,27.6930,106.9162
zurich,switzerland,1800000,47.37465,8.54101
